--------------------------------------------------------
-- Archivo creado  - jueves-junio-20-2019   
--------------------------------------------------------
--------------------------------------------------------
--  DDL for Table PAGOMULTAS
--------------------------------------------------------

  CREATE TABLE "NICOLAS"."PAGOMULTAS" 
   (	"PAGO_MULTAS_ID" NUMBER(*,0), 
	"MULTAS_ID" NUMBER(*,0), 
	"DESCRIPCION_MULTA" VARCHAR2(250 BYTE)
   ) SEGMENT CREATION IMMEDIATE 
  PCTFREE 10 PCTUSED 40 INITRANS 1 MAXTRANS 255 NOCOMPRESS LOGGING
  STORAGE(INITIAL 65536 NEXT 1048576 MINEXTENTS 1 MAXEXTENTS 2147483645
  PCTINCREASE 0 FREELISTS 1 FREELIST GROUPS 1 BUFFER_POOL DEFAULT FLASH_CACHE DEFAULT CELL_FLASH_CACHE DEFAULT)
  TABLESPACE "SYSTEM" ;
--------------------------------------------------------
--  DDL for Table RESIDENTE
--------------------------------------------------------

  CREATE TABLE "NICOLAS"."RESIDENTE" 
   (	"RESIDENTE_ID" NUMBER(*,0), 
	"DEPARTAMENTO_ID" NUMBER(*,0), 
	"NOMBRE" VARCHAR2(40 BYTE), 
	"APELLIDO" VARCHAR2(40 BYTE), 
	"CORREO" VARCHAR2(40 BYTE), 
	"CLAVE" VARCHAR2(40 BYTE), 
	"FONO" NUMBER(*,0), 
	"TIPO_RESIDENTE" VARCHAR2(40 BYTE)
   ) SEGMENT CREATION IMMEDIATE 
  PCTFREE 10 PCTUSED 40 INITRANS 1 MAXTRANS 255 NOCOMPRESS LOGGING
  STORAGE(INITIAL 65536 NEXT 1048576 MINEXTENTS 1 MAXEXTENTS 2147483645
  PCTINCREASE 0 FREELISTS 1 FREELIST GROUPS 1 BUFFER_POOL DEFAULT FLASH_CACHE DEFAULT CELL_FLASH_CACHE DEFAULT)
  TABLESPACE "SYSTEM" ;
--------------------------------------------------------
--  DDL for Table PAGOGASTOS
--------------------------------------------------------

  CREATE TABLE "NICOLAS"."PAGOGASTOS" 
   (	"PAGO_GASTOS_ID" NUMBER(*,0), 
	"GASTOS_ID" NUMBER(*,0), 
	"MONTO" NUMBER, 
	"MES" NUMBER, 
	"AÑO" NUMBER, 
	"DEPARTAMENTO_ID" NUMBER(*,0)
   ) SEGMENT CREATION IMMEDIATE 
  PCTFREE 10 PCTUSED 40 INITRANS 1 MAXTRANS 255 NOCOMPRESS LOGGING
  STORAGE(INITIAL 65536 NEXT 1048576 MINEXTENTS 1 MAXEXTENTS 2147483645
  PCTINCREASE 0 FREELISTS 1 FREELIST GROUPS 1 BUFFER_POOL DEFAULT FLASH_CACHE DEFAULT CELL_FLASH_CACHE DEFAULT)
  TABLESPACE "SYSTEM" ;
--------------------------------------------------------
--  DDL for Table MULTAS
--------------------------------------------------------

  CREATE TABLE "NICOLAS"."MULTAS" 
   (	"MULTAS_ID" NUMBER(*,0), 
	"DEPARTAMENTO_ID" NUMBER(*,0), 
	"DESCRIPCION_MULTA" VARCHAR2(250 BYTE), 
	"VALOR_MULTA" NUMBER(*,0), 
	"ESTADO" VARCHAR2(20 BYTE), 
	"FECHA_MULTA" DATE
   ) SEGMENT CREATION IMMEDIATE 
  PCTFREE 10 PCTUSED 40 INITRANS 1 MAXTRANS 255 NOCOMPRESS LOGGING
  STORAGE(INITIAL 65536 NEXT 1048576 MINEXTENTS 1 MAXEXTENTS 2147483645
  PCTINCREASE 0 FREELISTS 1 FREELIST GROUPS 1 BUFFER_POOL DEFAULT FLASH_CACHE DEFAULT CELL_FLASH_CACHE DEFAULT)
  TABLESPACE "SYSTEM" ;
--------------------------------------------------------
--  DDL for Table RESERVASALAEVENTOS
--------------------------------------------------------

  CREATE TABLE "NICOLAS"."RESERVASALAEVENTOS" 
   (	"RESERVA_S_ID" NUMBER(*,0), 
	"DEPARTAMENTO_ID" NUMBER(*,0), 
	"VALOR_MONTO" NUMBER(*,0), 
	"HORARIO_INICIO" DATE, 
	"HORARIO_FIN" DATE, 
	"DESCRIPCION_RESERVA" VARCHAR2(40 BYTE)
   ) SEGMENT CREATION IMMEDIATE 
  PCTFREE 10 PCTUSED 40 INITRANS 1 MAXTRANS 255 NOCOMPRESS LOGGING
  STORAGE(INITIAL 65536 NEXT 1048576 MINEXTENTS 1 MAXEXTENTS 2147483645
  PCTINCREASE 0 FREELISTS 1 FREELIST GROUPS 1 BUFFER_POOL DEFAULT FLASH_CACHE DEFAULT CELL_FLASH_CACHE DEFAULT)
  TABLESPACE "SYSTEM" ;
--------------------------------------------------------
--  DDL for Table QUEJA
--------------------------------------------------------

  CREATE TABLE "NICOLAS"."QUEJA" 
   (	"QUEJA_ID" NUMBER(*,0), 
	"DEPARTAMENTO_ID" NUMBER(*,0), 
	"DESCRIPCION" VARCHAR2(40 BYTE)
   ) SEGMENT CREATION IMMEDIATE 
  PCTFREE 10 PCTUSED 40 INITRANS 1 MAXTRANS 255 NOCOMPRESS LOGGING
  STORAGE(INITIAL 65536 NEXT 1048576 MINEXTENTS 1 MAXEXTENTS 2147483645
  PCTINCREASE 0 FREELISTS 1 FREELIST GROUPS 1 BUFFER_POOL DEFAULT FLASH_CACHE DEFAULT CELL_FLASH_CACHE DEFAULT)
  TABLESPACE "SYSTEM" ;
--------------------------------------------------------
--  DDL for Table CONDOMINIO
--------------------------------------------------------

  CREATE TABLE "NICOLAS"."CONDOMINIO" 
   (	"CONDOMINIO_ID" NUMBER(*,0), 
	"NOMBRE" VARCHAR2(50 BYTE), 
	"DESCRIPCION" VARCHAR2(50 BYTE)
   ) SEGMENT CREATION IMMEDIATE 
  PCTFREE 10 PCTUSED 40 INITRANS 1 MAXTRANS 255 NOCOMPRESS LOGGING
  STORAGE(INITIAL 65536 NEXT 1048576 MINEXTENTS 1 MAXEXTENTS 2147483645
  PCTINCREASE 0 FREELISTS 1 FREELIST GROUPS 1 BUFFER_POOL DEFAULT FLASH_CACHE DEFAULT CELL_FLASH_CACHE DEFAULT)
  TABLESPACE "SYSTEM" ;
--------------------------------------------------------
--  DDL for Table GASTOSCOMUNES
--------------------------------------------------------

  CREATE TABLE "NICOLAS"."GASTOSCOMUNES" 
   (	"GASTOS_ID" NUMBER(*,0), 
	"VALOR_MONTO" NUMBER(*,0)
   ) SEGMENT CREATION IMMEDIATE 
  PCTFREE 10 PCTUSED 40 INITRANS 1 MAXTRANS 255 NOCOMPRESS LOGGING
  STORAGE(INITIAL 65536 NEXT 1048576 MINEXTENTS 1 MAXEXTENTS 2147483645
  PCTINCREASE 0 FREELISTS 1 FREELIST GROUPS 1 BUFFER_POOL DEFAULT FLASH_CACHE DEFAULT CELL_FLASH_CACHE DEFAULT)
  TABLESPACE "SYSTEM" ;
--------------------------------------------------------
--  DDL for Table ADMINISTRADOR
--------------------------------------------------------

  CREATE TABLE "NICOLAS"."ADMINISTRADOR" 
   (	"ADMINISTRADOR_ID" NUMBER(*,0), 
	"CONDOMINIO_ID" NUMBER(*,0), 
	"NOMBRE" VARCHAR2(40 BYTE), 
	"APELIIDO" VARCHAR2(40 BYTE), 
	"CORREO" VARCHAR2(40 BYTE), 
	"CLAVE" VARCHAR2(40 BYTE), 
	"FONO" NUMBER(*,0), 
	"TIPO_ADMINISTRADOR" VARCHAR2(40 BYTE)
   ) SEGMENT CREATION IMMEDIATE 
  PCTFREE 10 PCTUSED 40 INITRANS 1 MAXTRANS 255 NOCOMPRESS LOGGING
  STORAGE(INITIAL 65536 NEXT 1048576 MINEXTENTS 1 MAXEXTENTS 2147483645
  PCTINCREASE 0 FREELISTS 1 FREELIST GROUPS 1 BUFFER_POOL DEFAULT FLASH_CACHE DEFAULT CELL_FLASH_CACHE DEFAULT)
  TABLESPACE "SYSTEM" ;
--------------------------------------------------------
--  DDL for Table RESERVAMULTICANCHA
--------------------------------------------------------

  CREATE TABLE "NICOLAS"."RESERVAMULTICANCHA" 
   (	"RESERVA_M_ID" NUMBER(*,0), 
	"DEPARTAMENTO_ID" NUMBER(*,0), 
	"VALOR_MONTO" NUMBER(*,0), 
	"HORARIO_INICIO" DATE, 
	"HORARIO_FIN" DATE, 
	"DESCRIPCION_RESERVA" VARCHAR2(40 BYTE)
   ) SEGMENT CREATION IMMEDIATE 
  PCTFREE 10 PCTUSED 40 INITRANS 1 MAXTRANS 255 NOCOMPRESS LOGGING
  STORAGE(INITIAL 65536 NEXT 1048576 MINEXTENTS 1 MAXEXTENTS 2147483645
  PCTINCREASE 0 FREELISTS 1 FREELIST GROUPS 1 BUFFER_POOL DEFAULT FLASH_CACHE DEFAULT CELL_FLASH_CACHE DEFAULT)
  TABLESPACE "SYSTEM" ;
--------------------------------------------------------
--  DDL for Table MES
--------------------------------------------------------

  CREATE TABLE "NICOLAS"."MES" 
   (	"ID_MES" NUMBER, 
	"MES" VARCHAR2(200 BYTE)
   ) SEGMENT CREATION IMMEDIATE 
  PCTFREE 10 PCTUSED 40 INITRANS 1 MAXTRANS 255 NOCOMPRESS LOGGING
  STORAGE(INITIAL 65536 NEXT 1048576 MINEXTENTS 1 MAXEXTENTS 2147483645
  PCTINCREASE 0 FREELISTS 1 FREELIST GROUPS 1 BUFFER_POOL DEFAULT FLASH_CACHE DEFAULT CELL_FLASH_CACHE DEFAULT)
  TABLESPACE "SYSTEM" ;
--------------------------------------------------------
--  DDL for Table DEPARTAMENTO
--------------------------------------------------------

  CREATE TABLE "NICOLAS"."DEPARTAMENTO" 
   (	"DEPARTAMENTO_ID" NUMBER(*,0), 
	"CONDOMINIO_ID" NUMBER(*,0), 
	"DESCRIPCION" VARCHAR2(250 BYTE)
   ) SEGMENT CREATION IMMEDIATE 
  PCTFREE 10 PCTUSED 40 INITRANS 1 MAXTRANS 255 NOCOMPRESS LOGGING
  STORAGE(INITIAL 65536 NEXT 1048576 MINEXTENTS 1 MAXEXTENTS 2147483645
  PCTINCREASE 0 FREELISTS 1 FREELIST GROUPS 1 BUFFER_POOL DEFAULT FLASH_CACHE DEFAULT CELL_FLASH_CACHE DEFAULT)
  TABLESPACE "SYSTEM" ;
--------------------------------------------------------
--  DDL for Table RESERVAESTACIONAMIENTO
--------------------------------------------------------

  CREATE TABLE "NICOLAS"."RESERVAESTACIONAMIENTO" 
   (	"RESERVA_E_ID" NUMBER(*,0), 
	"DEPARTAMENTO_ID" NUMBER(*,0), 
	"VALOR_MONTO" NUMBER(*,0), 
	"HORARIO_INICIO" DATE, 
	"HORARIO_FIN" DATE, 
	"DESCRIPCION_RESERVA" VARCHAR2(40 BYTE), 
	"TIPO_RESERVA" VARCHAR2(20 BYTE)
   ) SEGMENT CREATION IMMEDIATE 
  PCTFREE 10 PCTUSED 40 INITRANS 1 MAXTRANS 255 NOCOMPRESS LOGGING
  STORAGE(INITIAL 65536 NEXT 1048576 MINEXTENTS 1 MAXEXTENTS 2147483645
  PCTINCREASE 0 FREELISTS 1 FREELIST GROUPS 1 BUFFER_POOL DEFAULT FLASH_CACHE DEFAULT CELL_FLASH_CACHE DEFAULT)
  TABLESPACE "SYSTEM" ;
--------------------------------------------------------
--  DDL for Table RESERVAQUINCHO
--------------------------------------------------------

  CREATE TABLE "NICOLAS"."RESERVAQUINCHO" 
   (	"RESERVA_Q_ID" NUMBER(*,0), 
	"DEPARTAMENTO_ID" NUMBER(*,0), 
	"VALOR_MONTO" NUMBER(*,0), 
	"HORARIO_INICIO" DATE, 
	"HORARIO_FIN" DATE, 
	"DESCRIPCION_RESERVA" VARCHAR2(40 BYTE)
   ) SEGMENT CREATION IMMEDIATE 
  PCTFREE 10 PCTUSED 40 INITRANS 1 MAXTRANS 255 NOCOMPRESS LOGGING
  STORAGE(INITIAL 65536 NEXT 1048576 MINEXTENTS 1 MAXEXTENTS 2147483645
  PCTINCREASE 0 FREELISTS 1 FREELIST GROUPS 1 BUFFER_POOL DEFAULT FLASH_CACHE DEFAULT CELL_FLASH_CACHE DEFAULT)
  TABLESPACE "SYSTEM" ;
--------------------------------------------------------
--  DDL for Table VISITA
--------------------------------------------------------

  CREATE TABLE "NICOLAS"."VISITA" 
   (	"VISITA_ID" NUMBER(*,0), 
	"DEPARTAMENTO_ID" NUMBER(*,0), 
	"NOMBRE" VARCHAR2(40 BYTE), 
	"APELIIDO" VARCHAR2(40 BYTE), 
	"CORREO" VARCHAR2(40 BYTE), 
	"CLAVE" VARCHAR2(40 BYTE), 
	"FECHA" TIMESTAMP (6)
   ) SEGMENT CREATION IMMEDIATE 
  PCTFREE 10 PCTUSED 40 INITRANS 1 MAXTRANS 255 NOCOMPRESS LOGGING
  STORAGE(INITIAL 65536 NEXT 1048576 MINEXTENTS 1 MAXEXTENTS 2147483645
  PCTINCREASE 0 FREELISTS 1 FREELIST GROUPS 1 BUFFER_POOL DEFAULT FLASH_CACHE DEFAULT CELL_FLASH_CACHE DEFAULT)
  TABLESPACE "SYSTEM" ;
--------------------------------------------------------
--  DDL for Table TABLAMESES
--------------------------------------------------------

  CREATE GLOBAL TEMPORARY TABLE "NICOLAS"."TABLAMESES" 
   (	"T_MES" CHAR(50 BYTE), 
	"T_VALOR" CHAR(50 BYTE)
   ) ON COMMIT DELETE ROWS ;
REM INSERTING into NICOLAS.PAGOMULTAS
SET DEFINE OFF;
REM INSERTING into NICOLAS.RESIDENTE
SET DEFINE OFF;
Insert into NICOLAS.RESIDENTE (RESIDENTE_ID,DEPARTAMENTO_ID,NOMBRE,APELLIDO,CORREO,CLAVE,FONO,TIPO_RESIDENTE) values ('1','1','nico','wenas','n@n.n','123','1233211','Directiva');
Insert into NICOLAS.RESIDENTE (RESIDENTE_ID,DEPARTAMENTO_ID,NOMBRE,APELLIDO,CORREO,CLAVE,FONO,TIPO_RESIDENTE) values ('2','2','johan','wenas','j@j.j','123','1233213','Residente');
Insert into NICOLAS.RESIDENTE (RESIDENTE_ID,DEPARTAMENTO_ID,NOMBRE,APELLIDO,CORREO,CLAVE,FONO,TIPO_RESIDENTE) values ('3','3','vane','weni','v@v.v','123','12323123','Residente');
Insert into NICOLAS.RESIDENTE (RESIDENTE_ID,DEPARTAMENTO_ID,NOMBRE,APELLIDO,CORREO,CLAVE,FONO,TIPO_RESIDENTE) values ('4','4','jose','mosco','jo@se.com','123','123123','Residente');
REM INSERTING into NICOLAS.PAGOGASTOS
SET DEFINE OFF;
Insert into NICOLAS.PAGOGASTOS (PAGO_GASTOS_ID,GASTOS_ID,MONTO,MES,AÑO,DEPARTAMENTO_ID) values ('1','1','40000','1','2019','1');
Insert into NICOLAS.PAGOGASTOS (PAGO_GASTOS_ID,GASTOS_ID,MONTO,MES,AÑO,DEPARTAMENTO_ID) values ('2','1','40000','1','2019','2');
REM INSERTING into NICOLAS.MULTAS
SET DEFINE OFF;
Insert into NICOLAS.MULTAS (MULTAS_ID,DEPARTAMENTO_ID,DESCRIPCION_MULTA,VALOR_MULTA,ESTADO,FECHA_MULTA) values ('1','1','perro ensucia piscina','1000','deuda',to_date('20/06/19','DD/MM/RR'));
REM INSERTING into NICOLAS.RESERVASALAEVENTOS
SET DEFINE OFF;
Insert into NICOLAS.RESERVASALAEVENTOS (RESERVA_S_ID,DEPARTAMENTO_ID,VALOR_MONTO,HORARIO_INICIO,HORARIO_FIN,DESCRIPCION_RESERVA) values ('1','3','66500',to_date('19/06/19','DD/MM/RR'),to_date('19/06/19','DD/MM/RR'),'jjjhjhj');
Insert into NICOLAS.RESERVASALAEVENTOS (RESERVA_S_ID,DEPARTAMENTO_ID,VALOR_MONTO,HORARIO_INICIO,HORARIO_FIN,DESCRIPCION_RESERVA) values ('2','1','5454',to_date('19/06/19','DD/MM/RR'),to_date('19/06/19','DD/MM/RR'),'4545');
REM INSERTING into NICOLAS.QUEJA
SET DEFINE OFF;
REM INSERTING into NICOLAS.CONDOMINIO
SET DEFINE OFF;
Insert into NICOLAS.CONDOMINIO (CONDOMINIO_ID,NOMBRE,DESCRIPCION) values ('1','Condominio 1','2piezas');
REM INSERTING into NICOLAS.GASTOSCOMUNES
SET DEFINE OFF;
Insert into NICOLAS.GASTOSCOMUNES (GASTOS_ID,VALOR_MONTO) values ('1','40000');
REM INSERTING into NICOLAS.ADMINISTRADOR
SET DEFINE OFF;
REM INSERTING into NICOLAS.RESERVAMULTICANCHA
SET DEFINE OFF;
Insert into NICOLAS.RESERVAMULTICANCHA (RESERVA_M_ID,DEPARTAMENTO_ID,VALOR_MONTO,HORARIO_INICIO,HORARIO_FIN,DESCRIPCION_RESERVA) values ('1','1','255',to_date('12/06/19','DD/MM/RR'),to_date('19/06/19','DD/MM/RR'),'khjijkk');
REM INSERTING into NICOLAS.MES
SET DEFINE OFF;
Insert into NICOLAS.MES (ID_MES,MES) values ('1','enero');
Insert into NICOLAS.MES (ID_MES,MES) values ('2','febrero');
Insert into NICOLAS.MES (ID_MES,MES) values ('3','marzo');
Insert into NICOLAS.MES (ID_MES,MES) values ('4','abril');
Insert into NICOLAS.MES (ID_MES,MES) values ('5','mayo');
Insert into NICOLAS.MES (ID_MES,MES) values ('6','junio');
Insert into NICOLAS.MES (ID_MES,MES) values ('7','julio');
Insert into NICOLAS.MES (ID_MES,MES) values ('8','agosto');
Insert into NICOLAS.MES (ID_MES,MES) values ('9','septiembre');
Insert into NICOLAS.MES (ID_MES,MES) values ('10','octubre');
Insert into NICOLAS.MES (ID_MES,MES) values ('11','noviembre');
Insert into NICOLAS.MES (ID_MES,MES) values ('12','diciembre');
REM INSERTING into NICOLAS.DEPARTAMENTO
SET DEFINE OFF;
Insert into NICOLAS.DEPARTAMENTO (DEPARTAMENTO_ID,CONDOMINIO_ID,DESCRIPCION) values ('1','1','2piezas');
Insert into NICOLAS.DEPARTAMENTO (DEPARTAMENTO_ID,CONDOMINIO_ID,DESCRIPCION) values ('2','1','2piezas');
Insert into NICOLAS.DEPARTAMENTO (DEPARTAMENTO_ID,CONDOMINIO_ID,DESCRIPCION) values ('3','1','2piezas');
Insert into NICOLAS.DEPARTAMENTO (DEPARTAMENTO_ID,CONDOMINIO_ID,DESCRIPCION) values ('4','1','3piezas');
REM INSERTING into NICOLAS.RESERVAESTACIONAMIENTO
SET DEFINE OFF;
Insert into NICOLAS.RESERVAESTACIONAMIENTO (RESERVA_E_ID,DEPARTAMENTO_ID,VALOR_MONTO,HORARIO_INICIO,HORARIO_FIN,DESCRIPCION_RESERVA,TIPO_RESERVA) values ('1','1','3000',to_date('18/06/19','DD/MM/RR'),to_date('19/06/19','DD/MM/RR'),'aturo movil dañado','Estacionamiento');
Insert into NICOLAS.RESERVAESTACIONAMIENTO (RESERVA_E_ID,DEPARTAMENTO_ID,VALOR_MONTO,HORARIO_INICIO,HORARIO_FIN,DESCRIPCION_RESERVA,TIPO_RESERVA) values ('2','1','3000',to_date('17/06/19','DD/MM/RR'),to_date('18/06/19','DD/MM/RR'),'motoromalo','Quincho');
Insert into NICOLAS.RESERVAESTACIONAMIENTO (RESERVA_E_ID,DEPARTAMENTO_ID,VALOR_MONTO,HORARIO_INICIO,HORARIO_FIN,DESCRIPCION_RESERVA,TIPO_RESERVA) values ('3','2','4000',to_date('18/06/19','DD/MM/RR'),to_date('19/06/19','DD/MM/RR'),'qeseyo','Sala de Eventos');
Insert into NICOLAS.RESERVAESTACIONAMIENTO (RESERVA_E_ID,DEPARTAMENTO_ID,VALOR_MONTO,HORARIO_INICIO,HORARIO_FIN,DESCRIPCION_RESERVA,TIPO_RESERVA) values ('4','2','4000',to_date('19/06/19','DD/MM/RR'),to_date('19/06/19','DD/MM/RR'),'porquesi','Multicancha');
REM INSERTING into NICOLAS.RESERVAQUINCHO
SET DEFINE OFF;
Insert into NICOLAS.RESERVAQUINCHO (RESERVA_Q_ID,DEPARTAMENTO_ID,VALOR_MONTO,HORARIO_INICIO,HORARIO_FIN,DESCRIPCION_RESERVA) values ('1','1','1000',to_date('19/06/19','DD/MM/RR'),to_date('19/06/19','DD/MM/RR'),'212121');
REM INSERTING into NICOLAS.VISITA
SET DEFINE OFF;
REM INSERTING into NICOLAS.TABLAMESES
SET DEFINE OFF;
--------------------------------------------------------
--  DDL for Index PAGOMULTAS_PK
--------------------------------------------------------

  CREATE UNIQUE INDEX "NICOLAS"."PAGOMULTAS_PK" ON "NICOLAS"."PAGOMULTAS" ("PAGO_MULTAS_ID") 
  PCTFREE 10 INITRANS 2 MAXTRANS 255 COMPUTE STATISTICS 
  STORAGE(INITIAL 65536 NEXT 1048576 MINEXTENTS 1 MAXEXTENTS 2147483645
  PCTINCREASE 0 FREELISTS 1 FREELIST GROUPS 1 BUFFER_POOL DEFAULT FLASH_CACHE DEFAULT CELL_FLASH_CACHE DEFAULT)
  TABLESPACE "SYSTEM" ;
--------------------------------------------------------
--  DDL for Index PAGOMULTAS_UNIQUE
--------------------------------------------------------

  CREATE UNIQUE INDEX "NICOLAS"."PAGOMULTAS_UNIQUE" ON "NICOLAS"."PAGOMULTAS" ("MULTAS_ID") 
  PCTFREE 10 INITRANS 2 MAXTRANS 255 COMPUTE STATISTICS 
  STORAGE(INITIAL 65536 NEXT 1048576 MINEXTENTS 1 MAXEXTENTS 2147483645
  PCTINCREASE 0 FREELISTS 1 FREELIST GROUPS 1 BUFFER_POOL DEFAULT FLASH_CACHE DEFAULT CELL_FLASH_CACHE DEFAULT)
  TABLESPACE "SYSTEM" ;
--------------------------------------------------------
--  DDL for Index RESIDENTE_PK
--------------------------------------------------------

  CREATE UNIQUE INDEX "NICOLAS"."RESIDENTE_PK" ON "NICOLAS"."RESIDENTE" ("RESIDENTE_ID") 
  PCTFREE 10 INITRANS 2 MAXTRANS 255 COMPUTE STATISTICS 
  STORAGE(INITIAL 65536 NEXT 1048576 MINEXTENTS 1 MAXEXTENTS 2147483645
  PCTINCREASE 0 FREELISTS 1 FREELIST GROUPS 1 BUFFER_POOL DEFAULT FLASH_CACHE DEFAULT CELL_FLASH_CACHE DEFAULT)
  TABLESPACE "SYSTEM" ;
--------------------------------------------------------
--  DDL for Index RESIDENTE_UNIQUE
--------------------------------------------------------

  CREATE UNIQUE INDEX "NICOLAS"."RESIDENTE_UNIQUE" ON "NICOLAS"."RESIDENTE" ("DEPARTAMENTO_ID") 
  PCTFREE 10 INITRANS 2 MAXTRANS 255 COMPUTE STATISTICS 
  STORAGE(INITIAL 65536 NEXT 1048576 MINEXTENTS 1 MAXEXTENTS 2147483645
  PCTINCREASE 0 FREELISTS 1 FREELIST GROUPS 1 BUFFER_POOL DEFAULT FLASH_CACHE DEFAULT CELL_FLASH_CACHE DEFAULT)
  TABLESPACE "SYSTEM" ;
--------------------------------------------------------
--  DDL for Index PAGOGASTOS_PK
--------------------------------------------------------

  CREATE UNIQUE INDEX "NICOLAS"."PAGOGASTOS_PK" ON "NICOLAS"."PAGOGASTOS" ("PAGO_GASTOS_ID") 
  PCTFREE 10 INITRANS 2 MAXTRANS 255 COMPUTE STATISTICS 
  STORAGE(INITIAL 65536 NEXT 1048576 MINEXTENTS 1 MAXEXTENTS 2147483645
  PCTINCREASE 0 FREELISTS 1 FREELIST GROUPS 1 BUFFER_POOL DEFAULT FLASH_CACHE DEFAULT CELL_FLASH_CACHE DEFAULT)
  TABLESPACE "SYSTEM" ;
--------------------------------------------------------
--  DDL for Index MULTAS_PK
--------------------------------------------------------

  CREATE UNIQUE INDEX "NICOLAS"."MULTAS_PK" ON "NICOLAS"."MULTAS" ("MULTAS_ID") 
  PCTFREE 10 INITRANS 2 MAXTRANS 255 COMPUTE STATISTICS 
  STORAGE(INITIAL 65536 NEXT 1048576 MINEXTENTS 1 MAXEXTENTS 2147483645
  PCTINCREASE 0 FREELISTS 1 FREELIST GROUPS 1 BUFFER_POOL DEFAULT FLASH_CACHE DEFAULT CELL_FLASH_CACHE DEFAULT)
  TABLESPACE "SYSTEM" ;
--------------------------------------------------------
--  DDL for Index MULTAS_UNIQUE
--------------------------------------------------------

  CREATE UNIQUE INDEX "NICOLAS"."MULTAS_UNIQUE" ON "NICOLAS"."MULTAS" ("DEPARTAMENTO_ID") 
  PCTFREE 10 INITRANS 2 MAXTRANS 255 COMPUTE STATISTICS 
  STORAGE(INITIAL 65536 NEXT 1048576 MINEXTENTS 1 MAXEXTENTS 2147483645
  PCTINCREASE 0 FREELISTS 1 FREELIST GROUPS 1 BUFFER_POOL DEFAULT FLASH_CACHE DEFAULT CELL_FLASH_CACHE DEFAULT)
  TABLESPACE "SYSTEM" ;
--------------------------------------------------------
--  DDL for Index RESERVA_PK
--------------------------------------------------------

  CREATE UNIQUE INDEX "NICOLAS"."RESERVA_PK" ON "NICOLAS"."RESERVASALAEVENTOS" ("RESERVA_S_ID") 
  PCTFREE 10 INITRANS 2 MAXTRANS 255 COMPUTE STATISTICS 
  STORAGE(INITIAL 65536 NEXT 1048576 MINEXTENTS 1 MAXEXTENTS 2147483645
  PCTINCREASE 0 FREELISTS 1 FREELIST GROUPS 1 BUFFER_POOL DEFAULT FLASH_CACHE DEFAULT CELL_FLASH_CACHE DEFAULT)
  TABLESPACE "SYSTEM" ;
--------------------------------------------------------
--  DDL for Index RESERVA_S_UNIQUE_I
--------------------------------------------------------

  CREATE UNIQUE INDEX "NICOLAS"."RESERVA_S_UNIQUE_I" ON "NICOLAS"."RESERVASALAEVENTOS" ("HORARIO_INICIO") 
  PCTFREE 10 INITRANS 2 MAXTRANS 255 COMPUTE STATISTICS 
  STORAGE(INITIAL 65536 NEXT 1048576 MINEXTENTS 1 MAXEXTENTS 2147483645
  PCTINCREASE 0 FREELISTS 1 FREELIST GROUPS 1 BUFFER_POOL DEFAULT FLASH_CACHE DEFAULT CELL_FLASH_CACHE DEFAULT)
  TABLESPACE "SYSTEM" ;
--------------------------------------------------------
--  DDL for Index RESERVA_S_UNIQUE_F
--------------------------------------------------------

  CREATE UNIQUE INDEX "NICOLAS"."RESERVA_S_UNIQUE_F" ON "NICOLAS"."RESERVASALAEVENTOS" ("HORARIO_FIN") 
  PCTFREE 10 INITRANS 2 MAXTRANS 255 COMPUTE STATISTICS 
  STORAGE(INITIAL 65536 NEXT 1048576 MINEXTENTS 1 MAXEXTENTS 2147483645
  PCTINCREASE 0 FREELISTS 1 FREELIST GROUPS 1 BUFFER_POOL DEFAULT FLASH_CACHE DEFAULT CELL_FLASH_CACHE DEFAULT)
  TABLESPACE "SYSTEM" ;
--------------------------------------------------------
--  DDL for Index QUEJA_PK
--------------------------------------------------------

  CREATE UNIQUE INDEX "NICOLAS"."QUEJA_PK" ON "NICOLAS"."QUEJA" ("QUEJA_ID") 
  PCTFREE 10 INITRANS 2 MAXTRANS 255 COMPUTE STATISTICS 
  STORAGE(INITIAL 65536 NEXT 1048576 MINEXTENTS 1 MAXEXTENTS 2147483645
  PCTINCREASE 0 FREELISTS 1 FREELIST GROUPS 1 BUFFER_POOL DEFAULT FLASH_CACHE DEFAULT CELL_FLASH_CACHE DEFAULT)
  TABLESPACE "SYSTEM" ;
--------------------------------------------------------
--  DDL for Index QUEJA_UNIQUE
--------------------------------------------------------

  CREATE UNIQUE INDEX "NICOLAS"."QUEJA_UNIQUE" ON "NICOLAS"."QUEJA" ("DEPARTAMENTO_ID") 
  PCTFREE 10 INITRANS 2 MAXTRANS 255 COMPUTE STATISTICS 
  STORAGE(INITIAL 65536 NEXT 1048576 MINEXTENTS 1 MAXEXTENTS 2147483645
  PCTINCREASE 0 FREELISTS 1 FREELIST GROUPS 1 BUFFER_POOL DEFAULT FLASH_CACHE DEFAULT CELL_FLASH_CACHE DEFAULT)
  TABLESPACE "SYSTEM" ;
--------------------------------------------------------
--  DDL for Index CONDOMINIO_PK
--------------------------------------------------------

  CREATE UNIQUE INDEX "NICOLAS"."CONDOMINIO_PK" ON "NICOLAS"."CONDOMINIO" ("CONDOMINIO_ID") 
  PCTFREE 10 INITRANS 2 MAXTRANS 255 COMPUTE STATISTICS 
  STORAGE(INITIAL 65536 NEXT 1048576 MINEXTENTS 1 MAXEXTENTS 2147483645
  PCTINCREASE 0 FREELISTS 1 FREELIST GROUPS 1 BUFFER_POOL DEFAULT FLASH_CACHE DEFAULT CELL_FLASH_CACHE DEFAULT)
  TABLESPACE "SYSTEM" ;
--------------------------------------------------------
--  DDL for Index GASTOSCOMUNES_PK
--------------------------------------------------------

  CREATE UNIQUE INDEX "NICOLAS"."GASTOSCOMUNES_PK" ON "NICOLAS"."GASTOSCOMUNES" ("GASTOS_ID") 
  PCTFREE 10 INITRANS 2 MAXTRANS 255 COMPUTE STATISTICS 
  STORAGE(INITIAL 65536 NEXT 1048576 MINEXTENTS 1 MAXEXTENTS 2147483645
  PCTINCREASE 0 FREELISTS 1 FREELIST GROUPS 1 BUFFER_POOL DEFAULT FLASH_CACHE DEFAULT CELL_FLASH_CACHE DEFAULT)
  TABLESPACE "SYSTEM" ;
--------------------------------------------------------
--  DDL for Index ADMINISTRADOR_PK
--------------------------------------------------------

  CREATE UNIQUE INDEX "NICOLAS"."ADMINISTRADOR_PK" ON "NICOLAS"."ADMINISTRADOR" ("ADMINISTRADOR_ID") 
  PCTFREE 10 INITRANS 2 MAXTRANS 255 COMPUTE STATISTICS 
  STORAGE(INITIAL 65536 NEXT 1048576 MINEXTENTS 1 MAXEXTENTS 2147483645
  PCTINCREASE 0 FREELISTS 1 FREELIST GROUPS 1 BUFFER_POOL DEFAULT FLASH_CACHE DEFAULT CELL_FLASH_CACHE DEFAULT)
  TABLESPACE "SYSTEM" ;
--------------------------------------------------------
--  DDL for Index ADMINISTRADOR_UNIQUE
--------------------------------------------------------

  CREATE UNIQUE INDEX "NICOLAS"."ADMINISTRADOR_UNIQUE" ON "NICOLAS"."ADMINISTRADOR" ("CONDOMINIO_ID") 
  PCTFREE 10 INITRANS 2 MAXTRANS 255 COMPUTE STATISTICS 
  STORAGE(INITIAL 65536 NEXT 1048576 MINEXTENTS 1 MAXEXTENTS 2147483645
  PCTINCREASE 0 FREELISTS 1 FREELIST GROUPS 1 BUFFER_POOL DEFAULT FLASH_CACHE DEFAULT CELL_FLASH_CACHE DEFAULT)
  TABLESPACE "SYSTEM" ;
--------------------------------------------------------
--  DDL for Index RESERVA_M_PK
--------------------------------------------------------

  CREATE UNIQUE INDEX "NICOLAS"."RESERVA_M_PK" ON "NICOLAS"."RESERVAMULTICANCHA" ("RESERVA_M_ID") 
  PCTFREE 10 INITRANS 2 MAXTRANS 255 COMPUTE STATISTICS 
  STORAGE(INITIAL 65536 NEXT 1048576 MINEXTENTS 1 MAXEXTENTS 2147483645
  PCTINCREASE 0 FREELISTS 1 FREELIST GROUPS 1 BUFFER_POOL DEFAULT FLASH_CACHE DEFAULT CELL_FLASH_CACHE DEFAULT)
  TABLESPACE "SYSTEM" ;
--------------------------------------------------------
--  DDL for Index RESERVA_M_UNIQUE_I
--------------------------------------------------------

  CREATE UNIQUE INDEX "NICOLAS"."RESERVA_M_UNIQUE_I" ON "NICOLAS"."RESERVAMULTICANCHA" ("HORARIO_INICIO") 
  PCTFREE 10 INITRANS 2 MAXTRANS 255 COMPUTE STATISTICS 
  STORAGE(INITIAL 65536 NEXT 1048576 MINEXTENTS 1 MAXEXTENTS 2147483645
  PCTINCREASE 0 FREELISTS 1 FREELIST GROUPS 1 BUFFER_POOL DEFAULT FLASH_CACHE DEFAULT CELL_FLASH_CACHE DEFAULT)
  TABLESPACE "SYSTEM" ;
--------------------------------------------------------
--  DDL for Index RESERVA_M_UNIQUE_F
--------------------------------------------------------

  CREATE UNIQUE INDEX "NICOLAS"."RESERVA_M_UNIQUE_F" ON "NICOLAS"."RESERVAMULTICANCHA" ("HORARIO_FIN") 
  PCTFREE 10 INITRANS 2 MAXTRANS 255 COMPUTE STATISTICS 
  STORAGE(INITIAL 65536 NEXT 1048576 MINEXTENTS 1 MAXEXTENTS 2147483645
  PCTINCREASE 0 FREELISTS 1 FREELIST GROUPS 1 BUFFER_POOL DEFAULT FLASH_CACHE DEFAULT CELL_FLASH_CACHE DEFAULT)
  TABLESPACE "SYSTEM" ;
--------------------------------------------------------
--  DDL for Index MES_PK
--------------------------------------------------------

  CREATE UNIQUE INDEX "NICOLAS"."MES_PK" ON "NICOLAS"."MES" ("ID_MES") 
  PCTFREE 10 INITRANS 2 MAXTRANS 255 COMPUTE STATISTICS 
  STORAGE(INITIAL 65536 NEXT 1048576 MINEXTENTS 1 MAXEXTENTS 2147483645
  PCTINCREASE 0 FREELISTS 1 FREELIST GROUPS 1 BUFFER_POOL DEFAULT FLASH_CACHE DEFAULT CELL_FLASH_CACHE DEFAULT)
  TABLESPACE "SYSTEM" ;
--------------------------------------------------------
--  DDL for Index DEPARTAMENTO_PK
--------------------------------------------------------

  CREATE UNIQUE INDEX "NICOLAS"."DEPARTAMENTO_PK" ON "NICOLAS"."DEPARTAMENTO" ("DEPARTAMENTO_ID") 
  PCTFREE 10 INITRANS 2 MAXTRANS 255 COMPUTE STATISTICS 
  STORAGE(INITIAL 65536 NEXT 1048576 MINEXTENTS 1 MAXEXTENTS 2147483645
  PCTINCREASE 0 FREELISTS 1 FREELIST GROUPS 1 BUFFER_POOL DEFAULT FLASH_CACHE DEFAULT CELL_FLASH_CACHE DEFAULT)
  TABLESPACE "SYSTEM" ;
--------------------------------------------------------
--  DDL for Index RESERVAESTACIONAMIENTO_PK
--------------------------------------------------------

  CREATE UNIQUE INDEX "NICOLAS"."RESERVAESTACIONAMIENTO_PK" ON "NICOLAS"."RESERVAESTACIONAMIENTO" ("RESERVA_E_ID") 
  PCTFREE 10 INITRANS 2 MAXTRANS 255 COMPUTE STATISTICS 
  STORAGE(INITIAL 65536 NEXT 1048576 MINEXTENTS 1 MAXEXTENTS 2147483645
  PCTINCREASE 0 FREELISTS 1 FREELIST GROUPS 1 BUFFER_POOL DEFAULT FLASH_CACHE DEFAULT CELL_FLASH_CACHE DEFAULT)
  TABLESPACE "SYSTEM" ;
--------------------------------------------------------
--  DDL for Index RESERVA_UNIQUE_I
--------------------------------------------------------

  CREATE UNIQUE INDEX "NICOLAS"."RESERVA_UNIQUE_I" ON "NICOLAS"."RESERVAESTACIONAMIENTO" ("HORARIO_INICIO") 
  PCTFREE 10 INITRANS 2 MAXTRANS 255 COMPUTE STATISTICS 
  STORAGE(INITIAL 65536 NEXT 1048576 MINEXTENTS 1 MAXEXTENTS 2147483645
  PCTINCREASE 0 FREELISTS 1 FREELIST GROUPS 1 BUFFER_POOL DEFAULT FLASH_CACHE DEFAULT CELL_FLASH_CACHE DEFAULT)
  TABLESPACE "SYSTEM" ;
--------------------------------------------------------
--  DDL for Index RESERVA_UNIQUE_F
--------------------------------------------------------

  CREATE UNIQUE INDEX "NICOLAS"."RESERVA_UNIQUE_F" ON "NICOLAS"."RESERVAESTACIONAMIENTO" ("HORARIO_FIN") 
  PCTFREE 10 INITRANS 2 MAXTRANS 255 COMPUTE STATISTICS 
  STORAGE(INITIAL 65536 NEXT 1048576 MINEXTENTS 1 MAXEXTENTS 2147483645
  PCTINCREASE 0 FREELISTS 1 FREELIST GROUPS 1 BUFFER_POOL DEFAULT FLASH_CACHE DEFAULT CELL_FLASH_CACHE DEFAULT)
  TABLESPACE "SYSTEM" ;
--------------------------------------------------------
--  DDL for Index RESERVA_Q_PK
--------------------------------------------------------

  CREATE UNIQUE INDEX "NICOLAS"."RESERVA_Q_PK" ON "NICOLAS"."RESERVAQUINCHO" ("RESERVA_Q_ID") 
  PCTFREE 10 INITRANS 2 MAXTRANS 255 COMPUTE STATISTICS 
  STORAGE(INITIAL 65536 NEXT 1048576 MINEXTENTS 1 MAXEXTENTS 2147483645
  PCTINCREASE 0 FREELISTS 1 FREELIST GROUPS 1 BUFFER_POOL DEFAULT FLASH_CACHE DEFAULT CELL_FLASH_CACHE DEFAULT)
  TABLESPACE "SYSTEM" ;
--------------------------------------------------------
--  DDL for Index RESERVA_Q_UNIQUE_I
--------------------------------------------------------

  CREATE UNIQUE INDEX "NICOLAS"."RESERVA_Q_UNIQUE_I" ON "NICOLAS"."RESERVAQUINCHO" ("HORARIO_INICIO") 
  PCTFREE 10 INITRANS 2 MAXTRANS 255 COMPUTE STATISTICS 
  STORAGE(INITIAL 65536 NEXT 1048576 MINEXTENTS 1 MAXEXTENTS 2147483645
  PCTINCREASE 0 FREELISTS 1 FREELIST GROUPS 1 BUFFER_POOL DEFAULT FLASH_CACHE DEFAULT CELL_FLASH_CACHE DEFAULT)
  TABLESPACE "SYSTEM" ;
--------------------------------------------------------
--  DDL for Index RESERVA_Q_UNIQUE_F
--------------------------------------------------------

  CREATE UNIQUE INDEX "NICOLAS"."RESERVA_Q_UNIQUE_F" ON "NICOLAS"."RESERVAQUINCHO" ("HORARIO_FIN") 
  PCTFREE 10 INITRANS 2 MAXTRANS 255 COMPUTE STATISTICS 
  STORAGE(INITIAL 65536 NEXT 1048576 MINEXTENTS 1 MAXEXTENTS 2147483645
  PCTINCREASE 0 FREELISTS 1 FREELIST GROUPS 1 BUFFER_POOL DEFAULT FLASH_CACHE DEFAULT CELL_FLASH_CACHE DEFAULT)
  TABLESPACE "SYSTEM" ;
--------------------------------------------------------
--  DDL for Index VISITA_PK
--------------------------------------------------------

  CREATE UNIQUE INDEX "NICOLAS"."VISITA_PK" ON "NICOLAS"."VISITA" ("VISITA_ID") 
  PCTFREE 10 INITRANS 2 MAXTRANS 255 COMPUTE STATISTICS 
  STORAGE(INITIAL 65536 NEXT 1048576 MINEXTENTS 1 MAXEXTENTS 2147483645
  PCTINCREASE 0 FREELISTS 1 FREELIST GROUPS 1 BUFFER_POOL DEFAULT FLASH_CACHE DEFAULT CELL_FLASH_CACHE DEFAULT)
  TABLESPACE "SYSTEM" ;
--------------------------------------------------------
--  DDL for Index VISITA_UNIQUE
--------------------------------------------------------

  CREATE UNIQUE INDEX "NICOLAS"."VISITA_UNIQUE" ON "NICOLAS"."VISITA" ("DEPARTAMENTO_ID") 
  PCTFREE 10 INITRANS 2 MAXTRANS 255 COMPUTE STATISTICS 
  STORAGE(INITIAL 65536 NEXT 1048576 MINEXTENTS 1 MAXEXTENTS 2147483645
  PCTINCREASE 0 FREELISTS 1 FREELIST GROUPS 1 BUFFER_POOL DEFAULT FLASH_CACHE DEFAULT CELL_FLASH_CACHE DEFAULT)
  TABLESPACE "SYSTEM" ;
--------------------------------------------------------
--  Constraints for Table PAGOMULTAS
--------------------------------------------------------

  ALTER TABLE "NICOLAS"."PAGOMULTAS" ADD CONSTRAINT "PAGOMULTAS_UNIQUE" UNIQUE ("MULTAS_ID")
  USING INDEX PCTFREE 10 INITRANS 2 MAXTRANS 255 COMPUTE STATISTICS 
  STORAGE(INITIAL 65536 NEXT 1048576 MINEXTENTS 1 MAXEXTENTS 2147483645
  PCTINCREASE 0 FREELISTS 1 FREELIST GROUPS 1 BUFFER_POOL DEFAULT FLASH_CACHE DEFAULT CELL_FLASH_CACHE DEFAULT)
  TABLESPACE "SYSTEM"  ENABLE;
  ALTER TABLE "NICOLAS"."PAGOMULTAS" ADD CONSTRAINT "PAGOMULTAS_PK" PRIMARY KEY ("PAGO_MULTAS_ID")
  USING INDEX PCTFREE 10 INITRANS 2 MAXTRANS 255 COMPUTE STATISTICS 
  STORAGE(INITIAL 65536 NEXT 1048576 MINEXTENTS 1 MAXEXTENTS 2147483645
  PCTINCREASE 0 FREELISTS 1 FREELIST GROUPS 1 BUFFER_POOL DEFAULT FLASH_CACHE DEFAULT CELL_FLASH_CACHE DEFAULT)
  TABLESPACE "SYSTEM"  ENABLE;
  ALTER TABLE "NICOLAS"."PAGOMULTAS" MODIFY ("DESCRIPCION_MULTA" NOT NULL ENABLE);
  ALTER TABLE "NICOLAS"."PAGOMULTAS" MODIFY ("MULTAS_ID" NOT NULL ENABLE);
  ALTER TABLE "NICOLAS"."PAGOMULTAS" MODIFY ("PAGO_MULTAS_ID" NOT NULL ENABLE);
--------------------------------------------------------
--  Constraints for Table RESIDENTE
--------------------------------------------------------

  ALTER TABLE "NICOLAS"."RESIDENTE" ADD CONSTRAINT "RESIDENTE_UNIQUE" UNIQUE ("DEPARTAMENTO_ID")
  USING INDEX PCTFREE 10 INITRANS 2 MAXTRANS 255 COMPUTE STATISTICS 
  STORAGE(INITIAL 65536 NEXT 1048576 MINEXTENTS 1 MAXEXTENTS 2147483645
  PCTINCREASE 0 FREELISTS 1 FREELIST GROUPS 1 BUFFER_POOL DEFAULT FLASH_CACHE DEFAULT CELL_FLASH_CACHE DEFAULT)
  TABLESPACE "SYSTEM"  ENABLE;
  ALTER TABLE "NICOLAS"."RESIDENTE" ADD CONSTRAINT "RESIDENTE_PK" PRIMARY KEY ("RESIDENTE_ID")
  USING INDEX PCTFREE 10 INITRANS 2 MAXTRANS 255 COMPUTE STATISTICS 
  STORAGE(INITIAL 65536 NEXT 1048576 MINEXTENTS 1 MAXEXTENTS 2147483645
  PCTINCREASE 0 FREELISTS 1 FREELIST GROUPS 1 BUFFER_POOL DEFAULT FLASH_CACHE DEFAULT CELL_FLASH_CACHE DEFAULT)
  TABLESPACE "SYSTEM"  ENABLE;
  ALTER TABLE "NICOLAS"."RESIDENTE" MODIFY ("TIPO_RESIDENTE" NOT NULL ENABLE);
  ALTER TABLE "NICOLAS"."RESIDENTE" MODIFY ("FONO" NOT NULL ENABLE);
  ALTER TABLE "NICOLAS"."RESIDENTE" MODIFY ("CLAVE" NOT NULL ENABLE);
  ALTER TABLE "NICOLAS"."RESIDENTE" MODIFY ("CORREO" NOT NULL ENABLE);
  ALTER TABLE "NICOLAS"."RESIDENTE" MODIFY ("APELLIDO" NOT NULL ENABLE);
  ALTER TABLE "NICOLAS"."RESIDENTE" MODIFY ("NOMBRE" NOT NULL ENABLE);
  ALTER TABLE "NICOLAS"."RESIDENTE" MODIFY ("DEPARTAMENTO_ID" NOT NULL ENABLE);
  ALTER TABLE "NICOLAS"."RESIDENTE" MODIFY ("RESIDENTE_ID" NOT NULL ENABLE);
--------------------------------------------------------
--  Constraints for Table PAGOGASTOS
--------------------------------------------------------

  ALTER TABLE "NICOLAS"."PAGOGASTOS" MODIFY ("AÑO" NOT NULL ENABLE);
  ALTER TABLE "NICOLAS"."PAGOGASTOS" MODIFY ("MES" NOT NULL ENABLE);
  ALTER TABLE "NICOLAS"."PAGOGASTOS" ADD CONSTRAINT "PAGOGASTOS_PK" PRIMARY KEY ("PAGO_GASTOS_ID")
  USING INDEX PCTFREE 10 INITRANS 2 MAXTRANS 255 COMPUTE STATISTICS 
  STORAGE(INITIAL 65536 NEXT 1048576 MINEXTENTS 1 MAXEXTENTS 2147483645
  PCTINCREASE 0 FREELISTS 1 FREELIST GROUPS 1 BUFFER_POOL DEFAULT FLASH_CACHE DEFAULT CELL_FLASH_CACHE DEFAULT)
  TABLESPACE "SYSTEM"  ENABLE;
  ALTER TABLE "NICOLAS"."PAGOGASTOS" MODIFY ("MONTO" NOT NULL ENABLE);
  ALTER TABLE "NICOLAS"."PAGOGASTOS" MODIFY ("GASTOS_ID" NOT NULL ENABLE);
  ALTER TABLE "NICOLAS"."PAGOGASTOS" MODIFY ("PAGO_GASTOS_ID" NOT NULL ENABLE);
--------------------------------------------------------
--  Constraints for Table MULTAS
--------------------------------------------------------

  ALTER TABLE "NICOLAS"."MULTAS" MODIFY ("ESTADO" NOT NULL ENABLE);
  ALTER TABLE "NICOLAS"."MULTAS" ADD CONSTRAINT "MULTAS_UNIQUE" UNIQUE ("DEPARTAMENTO_ID")
  USING INDEX PCTFREE 10 INITRANS 2 MAXTRANS 255 COMPUTE STATISTICS 
  STORAGE(INITIAL 65536 NEXT 1048576 MINEXTENTS 1 MAXEXTENTS 2147483645
  PCTINCREASE 0 FREELISTS 1 FREELIST GROUPS 1 BUFFER_POOL DEFAULT FLASH_CACHE DEFAULT CELL_FLASH_CACHE DEFAULT)
  TABLESPACE "SYSTEM"  ENABLE;
  ALTER TABLE "NICOLAS"."MULTAS" ADD CONSTRAINT "MULTAS_PK" PRIMARY KEY ("MULTAS_ID")
  USING INDEX PCTFREE 10 INITRANS 2 MAXTRANS 255 COMPUTE STATISTICS 
  STORAGE(INITIAL 65536 NEXT 1048576 MINEXTENTS 1 MAXEXTENTS 2147483645
  PCTINCREASE 0 FREELISTS 1 FREELIST GROUPS 1 BUFFER_POOL DEFAULT FLASH_CACHE DEFAULT CELL_FLASH_CACHE DEFAULT)
  TABLESPACE "SYSTEM"  ENABLE;
  ALTER TABLE "NICOLAS"."MULTAS" MODIFY ("VALOR_MULTA" NOT NULL ENABLE);
  ALTER TABLE "NICOLAS"."MULTAS" MODIFY ("DESCRIPCION_MULTA" NOT NULL ENABLE);
  ALTER TABLE "NICOLAS"."MULTAS" MODIFY ("DEPARTAMENTO_ID" NOT NULL ENABLE);
  ALTER TABLE "NICOLAS"."MULTAS" MODIFY ("MULTAS_ID" NOT NULL ENABLE);
--------------------------------------------------------
--  Constraints for Table RESERVASALAEVENTOS
--------------------------------------------------------

  ALTER TABLE "NICOLAS"."RESERVASALAEVENTOS" ADD CONSTRAINT "RESERVA_S_UNIQUE_F" UNIQUE ("HORARIO_FIN")
  USING INDEX PCTFREE 10 INITRANS 2 MAXTRANS 255 COMPUTE STATISTICS 
  STORAGE(INITIAL 65536 NEXT 1048576 MINEXTENTS 1 MAXEXTENTS 2147483645
  PCTINCREASE 0 FREELISTS 1 FREELIST GROUPS 1 BUFFER_POOL DEFAULT FLASH_CACHE DEFAULT CELL_FLASH_CACHE DEFAULT)
  TABLESPACE "SYSTEM"  ENABLE;
  ALTER TABLE "NICOLAS"."RESERVASALAEVENTOS" ADD CONSTRAINT "RESERVA_S_UNIQUE_I" UNIQUE ("HORARIO_INICIO")
  USING INDEX PCTFREE 10 INITRANS 2 MAXTRANS 255 COMPUTE STATISTICS 
  STORAGE(INITIAL 65536 NEXT 1048576 MINEXTENTS 1 MAXEXTENTS 2147483645
  PCTINCREASE 0 FREELISTS 1 FREELIST GROUPS 1 BUFFER_POOL DEFAULT FLASH_CACHE DEFAULT CELL_FLASH_CACHE DEFAULT)
  TABLESPACE "SYSTEM"  ENABLE;
  ALTER TABLE "NICOLAS"."RESERVASALAEVENTOS" ADD CONSTRAINT "RESERVA_PK" PRIMARY KEY ("RESERVA_S_ID")
  USING INDEX PCTFREE 10 INITRANS 2 MAXTRANS 255 COMPUTE STATISTICS 
  STORAGE(INITIAL 65536 NEXT 1048576 MINEXTENTS 1 MAXEXTENTS 2147483645
  PCTINCREASE 0 FREELISTS 1 FREELIST GROUPS 1 BUFFER_POOL DEFAULT FLASH_CACHE DEFAULT CELL_FLASH_CACHE DEFAULT)
  TABLESPACE "SYSTEM"  ENABLE;
  ALTER TABLE "NICOLAS"."RESERVASALAEVENTOS" MODIFY ("DESCRIPCION_RESERVA" NOT NULL ENABLE);
  ALTER TABLE "NICOLAS"."RESERVASALAEVENTOS" MODIFY ("HORARIO_FIN" NOT NULL ENABLE);
  ALTER TABLE "NICOLAS"."RESERVASALAEVENTOS" MODIFY ("HORARIO_INICIO" NOT NULL ENABLE);
  ALTER TABLE "NICOLAS"."RESERVASALAEVENTOS" MODIFY ("VALOR_MONTO" NOT NULL ENABLE);
  ALTER TABLE "NICOLAS"."RESERVASALAEVENTOS" MODIFY ("DEPARTAMENTO_ID" NOT NULL ENABLE);
  ALTER TABLE "NICOLAS"."RESERVASALAEVENTOS" MODIFY ("RESERVA_S_ID" NOT NULL ENABLE);
--------------------------------------------------------
--  Constraints for Table QUEJA
--------------------------------------------------------

  ALTER TABLE "NICOLAS"."QUEJA" ADD CONSTRAINT "QUEJA_UNIQUE" UNIQUE ("DEPARTAMENTO_ID")
  USING INDEX PCTFREE 10 INITRANS 2 MAXTRANS 255 COMPUTE STATISTICS 
  STORAGE(INITIAL 65536 NEXT 1048576 MINEXTENTS 1 MAXEXTENTS 2147483645
  PCTINCREASE 0 FREELISTS 1 FREELIST GROUPS 1 BUFFER_POOL DEFAULT FLASH_CACHE DEFAULT CELL_FLASH_CACHE DEFAULT)
  TABLESPACE "SYSTEM"  ENABLE;
  ALTER TABLE "NICOLAS"."QUEJA" ADD CONSTRAINT "QUEJA_PK" PRIMARY KEY ("QUEJA_ID")
  USING INDEX PCTFREE 10 INITRANS 2 MAXTRANS 255 COMPUTE STATISTICS 
  STORAGE(INITIAL 65536 NEXT 1048576 MINEXTENTS 1 MAXEXTENTS 2147483645
  PCTINCREASE 0 FREELISTS 1 FREELIST GROUPS 1 BUFFER_POOL DEFAULT FLASH_CACHE DEFAULT CELL_FLASH_CACHE DEFAULT)
  TABLESPACE "SYSTEM"  ENABLE;
  ALTER TABLE "NICOLAS"."QUEJA" MODIFY ("DESCRIPCION" NOT NULL ENABLE);
  ALTER TABLE "NICOLAS"."QUEJA" MODIFY ("DEPARTAMENTO_ID" NOT NULL ENABLE);
  ALTER TABLE "NICOLAS"."QUEJA" MODIFY ("QUEJA_ID" NOT NULL ENABLE);
--------------------------------------------------------
--  Constraints for Table CONDOMINIO
--------------------------------------------------------

  ALTER TABLE "NICOLAS"."CONDOMINIO" ADD CONSTRAINT "CONDOMINIO_PK" PRIMARY KEY ("CONDOMINIO_ID")
  USING INDEX PCTFREE 10 INITRANS 2 MAXTRANS 255 COMPUTE STATISTICS 
  STORAGE(INITIAL 65536 NEXT 1048576 MINEXTENTS 1 MAXEXTENTS 2147483645
  PCTINCREASE 0 FREELISTS 1 FREELIST GROUPS 1 BUFFER_POOL DEFAULT FLASH_CACHE DEFAULT CELL_FLASH_CACHE DEFAULT)
  TABLESPACE "SYSTEM"  ENABLE;
  ALTER TABLE "NICOLAS"."CONDOMINIO" MODIFY ("DESCRIPCION" NOT NULL ENABLE);
  ALTER TABLE "NICOLAS"."CONDOMINIO" MODIFY ("NOMBRE" NOT NULL ENABLE);
  ALTER TABLE "NICOLAS"."CONDOMINIO" MODIFY ("CONDOMINIO_ID" NOT NULL ENABLE);
--------------------------------------------------------
--  Constraints for Table GASTOSCOMUNES
--------------------------------------------------------

  ALTER TABLE "NICOLAS"."GASTOSCOMUNES" ADD CONSTRAINT "GASTOSCOMUNES_PK" PRIMARY KEY ("GASTOS_ID")
  USING INDEX PCTFREE 10 INITRANS 2 MAXTRANS 255 COMPUTE STATISTICS 
  STORAGE(INITIAL 65536 NEXT 1048576 MINEXTENTS 1 MAXEXTENTS 2147483645
  PCTINCREASE 0 FREELISTS 1 FREELIST GROUPS 1 BUFFER_POOL DEFAULT FLASH_CACHE DEFAULT CELL_FLASH_CACHE DEFAULT)
  TABLESPACE "SYSTEM"  ENABLE;
  ALTER TABLE "NICOLAS"."GASTOSCOMUNES" MODIFY ("VALOR_MONTO" NOT NULL ENABLE);
  ALTER TABLE "NICOLAS"."GASTOSCOMUNES" MODIFY ("GASTOS_ID" NOT NULL ENABLE);
--------------------------------------------------------
--  Constraints for Table ADMINISTRADOR
--------------------------------------------------------

  ALTER TABLE "NICOLAS"."ADMINISTRADOR" ADD CONSTRAINT "ADMINISTRADOR_UNIQUE" UNIQUE ("CONDOMINIO_ID")
  USING INDEX PCTFREE 10 INITRANS 2 MAXTRANS 255 COMPUTE STATISTICS 
  STORAGE(INITIAL 65536 NEXT 1048576 MINEXTENTS 1 MAXEXTENTS 2147483645
  PCTINCREASE 0 FREELISTS 1 FREELIST GROUPS 1 BUFFER_POOL DEFAULT FLASH_CACHE DEFAULT CELL_FLASH_CACHE DEFAULT)
  TABLESPACE "SYSTEM"  ENABLE;
  ALTER TABLE "NICOLAS"."ADMINISTRADOR" ADD CONSTRAINT "ADMINISTRADOR_PK" PRIMARY KEY ("ADMINISTRADOR_ID")
  USING INDEX PCTFREE 10 INITRANS 2 MAXTRANS 255 COMPUTE STATISTICS 
  STORAGE(INITIAL 65536 NEXT 1048576 MINEXTENTS 1 MAXEXTENTS 2147483645
  PCTINCREASE 0 FREELISTS 1 FREELIST GROUPS 1 BUFFER_POOL DEFAULT FLASH_CACHE DEFAULT CELL_FLASH_CACHE DEFAULT)
  TABLESPACE "SYSTEM"  ENABLE;
  ALTER TABLE "NICOLAS"."ADMINISTRADOR" MODIFY ("FONO" NOT NULL ENABLE);
  ALTER TABLE "NICOLAS"."ADMINISTRADOR" MODIFY ("CLAVE" NOT NULL ENABLE);
  ALTER TABLE "NICOLAS"."ADMINISTRADOR" MODIFY ("CORREO" NOT NULL ENABLE);
  ALTER TABLE "NICOLAS"."ADMINISTRADOR" MODIFY ("APELIIDO" NOT NULL ENABLE);
  ALTER TABLE "NICOLAS"."ADMINISTRADOR" MODIFY ("NOMBRE" NOT NULL ENABLE);
  ALTER TABLE "NICOLAS"."ADMINISTRADOR" MODIFY ("CONDOMINIO_ID" NOT NULL ENABLE);
  ALTER TABLE "NICOLAS"."ADMINISTRADOR" MODIFY ("ADMINISTRADOR_ID" NOT NULL ENABLE);
--------------------------------------------------------
--  Constraints for Table RESERVAMULTICANCHA
--------------------------------------------------------

  ALTER TABLE "NICOLAS"."RESERVAMULTICANCHA" ADD CONSTRAINT "RESERVA_M_UNIQUE_F" UNIQUE ("HORARIO_FIN")
  USING INDEX PCTFREE 10 INITRANS 2 MAXTRANS 255 COMPUTE STATISTICS 
  STORAGE(INITIAL 65536 NEXT 1048576 MINEXTENTS 1 MAXEXTENTS 2147483645
  PCTINCREASE 0 FREELISTS 1 FREELIST GROUPS 1 BUFFER_POOL DEFAULT FLASH_CACHE DEFAULT CELL_FLASH_CACHE DEFAULT)
  TABLESPACE "SYSTEM"  ENABLE;
  ALTER TABLE "NICOLAS"."RESERVAMULTICANCHA" ADD CONSTRAINT "RESERVA_M_UNIQUE_I" UNIQUE ("HORARIO_INICIO")
  USING INDEX PCTFREE 10 INITRANS 2 MAXTRANS 255 COMPUTE STATISTICS 
  STORAGE(INITIAL 65536 NEXT 1048576 MINEXTENTS 1 MAXEXTENTS 2147483645
  PCTINCREASE 0 FREELISTS 1 FREELIST GROUPS 1 BUFFER_POOL DEFAULT FLASH_CACHE DEFAULT CELL_FLASH_CACHE DEFAULT)
  TABLESPACE "SYSTEM"  ENABLE;
  ALTER TABLE "NICOLAS"."RESERVAMULTICANCHA" ADD CONSTRAINT "RESERVA_M_PK" PRIMARY KEY ("RESERVA_M_ID")
  USING INDEX PCTFREE 10 INITRANS 2 MAXTRANS 255 COMPUTE STATISTICS 
  STORAGE(INITIAL 65536 NEXT 1048576 MINEXTENTS 1 MAXEXTENTS 2147483645
  PCTINCREASE 0 FREELISTS 1 FREELIST GROUPS 1 BUFFER_POOL DEFAULT FLASH_CACHE DEFAULT CELL_FLASH_CACHE DEFAULT)
  TABLESPACE "SYSTEM"  ENABLE;
  ALTER TABLE "NICOLAS"."RESERVAMULTICANCHA" MODIFY ("DESCRIPCION_RESERVA" NOT NULL ENABLE);
  ALTER TABLE "NICOLAS"."RESERVAMULTICANCHA" MODIFY ("HORARIO_FIN" NOT NULL ENABLE);
  ALTER TABLE "NICOLAS"."RESERVAMULTICANCHA" MODIFY ("HORARIO_INICIO" NOT NULL ENABLE);
  ALTER TABLE "NICOLAS"."RESERVAMULTICANCHA" MODIFY ("VALOR_MONTO" NOT NULL ENABLE);
  ALTER TABLE "NICOLAS"."RESERVAMULTICANCHA" MODIFY ("DEPARTAMENTO_ID" NOT NULL ENABLE);
  ALTER TABLE "NICOLAS"."RESERVAMULTICANCHA" MODIFY ("RESERVA_M_ID" NOT NULL ENABLE);
--------------------------------------------------------
--  Constraints for Table MES
--------------------------------------------------------

  ALTER TABLE "NICOLAS"."MES" ADD CONSTRAINT "MES_PK" PRIMARY KEY ("ID_MES")
  USING INDEX PCTFREE 10 INITRANS 2 MAXTRANS 255 COMPUTE STATISTICS 
  STORAGE(INITIAL 65536 NEXT 1048576 MINEXTENTS 1 MAXEXTENTS 2147483645
  PCTINCREASE 0 FREELISTS 1 FREELIST GROUPS 1 BUFFER_POOL DEFAULT FLASH_CACHE DEFAULT CELL_FLASH_CACHE DEFAULT)
  TABLESPACE "SYSTEM"  ENABLE;
  ALTER TABLE "NICOLAS"."MES" MODIFY ("ID_MES" NOT NULL ENABLE);
--------------------------------------------------------
--  Constraints for Table DEPARTAMENTO
--------------------------------------------------------

  ALTER TABLE "NICOLAS"."DEPARTAMENTO" ADD CONSTRAINT "DEPARTAMENTO_PK" PRIMARY KEY ("DEPARTAMENTO_ID")
  USING INDEX PCTFREE 10 INITRANS 2 MAXTRANS 255 COMPUTE STATISTICS 
  STORAGE(INITIAL 65536 NEXT 1048576 MINEXTENTS 1 MAXEXTENTS 2147483645
  PCTINCREASE 0 FREELISTS 1 FREELIST GROUPS 1 BUFFER_POOL DEFAULT FLASH_CACHE DEFAULT CELL_FLASH_CACHE DEFAULT)
  TABLESPACE "SYSTEM"  ENABLE;
  ALTER TABLE "NICOLAS"."DEPARTAMENTO" MODIFY ("DESCRIPCION" NOT NULL ENABLE);
  ALTER TABLE "NICOLAS"."DEPARTAMENTO" MODIFY ("CONDOMINIO_ID" NOT NULL ENABLE);
  ALTER TABLE "NICOLAS"."DEPARTAMENTO" MODIFY ("DEPARTAMENTO_ID" NOT NULL ENABLE);
--------------------------------------------------------
--  Constraints for Table RESERVAESTACIONAMIENTO
--------------------------------------------------------

  ALTER TABLE "NICOLAS"."RESERVAESTACIONAMIENTO" MODIFY ("VALOR_MONTO" NOT NULL ENABLE);
  ALTER TABLE "NICOLAS"."RESERVAESTACIONAMIENTO" MODIFY ("DEPARTAMENTO_ID" NOT NULL ENABLE);
  ALTER TABLE "NICOLAS"."RESERVAESTACIONAMIENTO" MODIFY ("RESERVA_E_ID" NOT NULL ENABLE);
  ALTER TABLE "NICOLAS"."RESERVAESTACIONAMIENTO" MODIFY ("TIPO_RESERVA" NOT NULL ENABLE);
  ALTER TABLE "NICOLAS"."RESERVAESTACIONAMIENTO" ADD CONSTRAINT "RESERVA_UNIQUE_F" UNIQUE ("HORARIO_FIN")
  USING INDEX PCTFREE 10 INITRANS 2 MAXTRANS 255 COMPUTE STATISTICS 
  STORAGE(INITIAL 65536 NEXT 1048576 MINEXTENTS 1 MAXEXTENTS 2147483645
  PCTINCREASE 0 FREELISTS 1 FREELIST GROUPS 1 BUFFER_POOL DEFAULT FLASH_CACHE DEFAULT CELL_FLASH_CACHE DEFAULT)
  TABLESPACE "SYSTEM"  ENABLE;
  ALTER TABLE "NICOLAS"."RESERVAESTACIONAMIENTO" ADD CONSTRAINT "RESERVA_UNIQUE_I" UNIQUE ("HORARIO_INICIO")
  USING INDEX PCTFREE 10 INITRANS 2 MAXTRANS 255 COMPUTE STATISTICS 
  STORAGE(INITIAL 65536 NEXT 1048576 MINEXTENTS 1 MAXEXTENTS 2147483645
  PCTINCREASE 0 FREELISTS 1 FREELIST GROUPS 1 BUFFER_POOL DEFAULT FLASH_CACHE DEFAULT CELL_FLASH_CACHE DEFAULT)
  TABLESPACE "SYSTEM"  ENABLE;
  ALTER TABLE "NICOLAS"."RESERVAESTACIONAMIENTO" ADD CONSTRAINT "RESERVAESTACIONAMIENTO_PK" PRIMARY KEY ("RESERVA_E_ID")
  USING INDEX PCTFREE 10 INITRANS 2 MAXTRANS 255 COMPUTE STATISTICS 
  STORAGE(INITIAL 65536 NEXT 1048576 MINEXTENTS 1 MAXEXTENTS 2147483645
  PCTINCREASE 0 FREELISTS 1 FREELIST GROUPS 1 BUFFER_POOL DEFAULT FLASH_CACHE DEFAULT CELL_FLASH_CACHE DEFAULT)
  TABLESPACE "SYSTEM"  ENABLE;
  ALTER TABLE "NICOLAS"."RESERVAESTACIONAMIENTO" MODIFY ("DESCRIPCION_RESERVA" NOT NULL ENABLE);
  ALTER TABLE "NICOLAS"."RESERVAESTACIONAMIENTO" MODIFY ("HORARIO_FIN" NOT NULL ENABLE);
  ALTER TABLE "NICOLAS"."RESERVAESTACIONAMIENTO" MODIFY ("HORARIO_INICIO" NOT NULL ENABLE);
--------------------------------------------------------
--  Constraints for Table RESERVAQUINCHO
--------------------------------------------------------

  ALTER TABLE "NICOLAS"."RESERVAQUINCHO" ADD CONSTRAINT "RESERVA_Q_UNIQUE_F" UNIQUE ("HORARIO_FIN")
  USING INDEX PCTFREE 10 INITRANS 2 MAXTRANS 255 COMPUTE STATISTICS 
  STORAGE(INITIAL 65536 NEXT 1048576 MINEXTENTS 1 MAXEXTENTS 2147483645
  PCTINCREASE 0 FREELISTS 1 FREELIST GROUPS 1 BUFFER_POOL DEFAULT FLASH_CACHE DEFAULT CELL_FLASH_CACHE DEFAULT)
  TABLESPACE "SYSTEM"  ENABLE;
  ALTER TABLE "NICOLAS"."RESERVAQUINCHO" ADD CONSTRAINT "RESERVA_Q_UNIQUE_I" UNIQUE ("HORARIO_INICIO")
  USING INDEX PCTFREE 10 INITRANS 2 MAXTRANS 255 COMPUTE STATISTICS 
  STORAGE(INITIAL 65536 NEXT 1048576 MINEXTENTS 1 MAXEXTENTS 2147483645
  PCTINCREASE 0 FREELISTS 1 FREELIST GROUPS 1 BUFFER_POOL DEFAULT FLASH_CACHE DEFAULT CELL_FLASH_CACHE DEFAULT)
  TABLESPACE "SYSTEM"  ENABLE;
  ALTER TABLE "NICOLAS"."RESERVAQUINCHO" ADD CONSTRAINT "RESERVA_Q_PK" PRIMARY KEY ("RESERVA_Q_ID")
  USING INDEX PCTFREE 10 INITRANS 2 MAXTRANS 255 COMPUTE STATISTICS 
  STORAGE(INITIAL 65536 NEXT 1048576 MINEXTENTS 1 MAXEXTENTS 2147483645
  PCTINCREASE 0 FREELISTS 1 FREELIST GROUPS 1 BUFFER_POOL DEFAULT FLASH_CACHE DEFAULT CELL_FLASH_CACHE DEFAULT)
  TABLESPACE "SYSTEM"  ENABLE;
  ALTER TABLE "NICOLAS"."RESERVAQUINCHO" MODIFY ("DESCRIPCION_RESERVA" NOT NULL ENABLE);
  ALTER TABLE "NICOLAS"."RESERVAQUINCHO" MODIFY ("HORARIO_FIN" NOT NULL ENABLE);
  ALTER TABLE "NICOLAS"."RESERVAQUINCHO" MODIFY ("HORARIO_INICIO" NOT NULL ENABLE);
  ALTER TABLE "NICOLAS"."RESERVAQUINCHO" MODIFY ("VALOR_MONTO" NOT NULL ENABLE);
  ALTER TABLE "NICOLAS"."RESERVAQUINCHO" MODIFY ("DEPARTAMENTO_ID" NOT NULL ENABLE);
  ALTER TABLE "NICOLAS"."RESERVAQUINCHO" MODIFY ("RESERVA_Q_ID" NOT NULL ENABLE);
--------------------------------------------------------
--  Constraints for Table VISITA
--------------------------------------------------------

  ALTER TABLE "NICOLAS"."VISITA" ADD CONSTRAINT "VISITA_UNIQUE" UNIQUE ("DEPARTAMENTO_ID")
  USING INDEX PCTFREE 10 INITRANS 2 MAXTRANS 255 COMPUTE STATISTICS 
  STORAGE(INITIAL 65536 NEXT 1048576 MINEXTENTS 1 MAXEXTENTS 2147483645
  PCTINCREASE 0 FREELISTS 1 FREELIST GROUPS 1 BUFFER_POOL DEFAULT FLASH_CACHE DEFAULT CELL_FLASH_CACHE DEFAULT)
  TABLESPACE "SYSTEM"  ENABLE;
  ALTER TABLE "NICOLAS"."VISITA" ADD CONSTRAINT "VISITA_PK" PRIMARY KEY ("VISITA_ID")
  USING INDEX PCTFREE 10 INITRANS 2 MAXTRANS 255 COMPUTE STATISTICS 
  STORAGE(INITIAL 65536 NEXT 1048576 MINEXTENTS 1 MAXEXTENTS 2147483645
  PCTINCREASE 0 FREELISTS 1 FREELIST GROUPS 1 BUFFER_POOL DEFAULT FLASH_CACHE DEFAULT CELL_FLASH_CACHE DEFAULT)
  TABLESPACE "SYSTEM"  ENABLE;
  ALTER TABLE "NICOLAS"."VISITA" MODIFY ("FECHA" NOT NULL ENABLE);
  ALTER TABLE "NICOLAS"."VISITA" MODIFY ("CLAVE" NOT NULL ENABLE);
  ALTER TABLE "NICOLAS"."VISITA" MODIFY ("CORREO" NOT NULL ENABLE);
  ALTER TABLE "NICOLAS"."VISITA" MODIFY ("APELIIDO" NOT NULL ENABLE);
  ALTER TABLE "NICOLAS"."VISITA" MODIFY ("NOMBRE" NOT NULL ENABLE);
  ALTER TABLE "NICOLAS"."VISITA" MODIFY ("DEPARTAMENTO_ID" NOT NULL ENABLE);
  ALTER TABLE "NICOLAS"."VISITA" MODIFY ("VISITA_ID" NOT NULL ENABLE);
--------------------------------------------------------
--  Constraints for Table TABLAMESES
--------------------------------------------------------

  ALTER TABLE "NICOLAS"."TABLAMESES" MODIFY ("T_VALOR" NOT NULL ENABLE);
  ALTER TABLE "NICOLAS"."TABLAMESES" MODIFY ("T_MES" NOT NULL ENABLE);
--------------------------------------------------------
--  Ref Constraints for Table PAGOMULTAS
--------------------------------------------------------

  ALTER TABLE "NICOLAS"."PAGOMULTAS" ADD CONSTRAINT "FK_PAGOMULTAS" FOREIGN KEY ("MULTAS_ID")
	  REFERENCES "NICOLAS"."MULTAS" ("MULTAS_ID") ENABLE;
--------------------------------------------------------
--  Ref Constraints for Table RESIDENTE
--------------------------------------------------------

  ALTER TABLE "NICOLAS"."RESIDENTE" ADD CONSTRAINT "FK_RESIDENTE_DEPARTAMENTO" FOREIGN KEY ("DEPARTAMENTO_ID")
	  REFERENCES "NICOLAS"."DEPARTAMENTO" ("DEPARTAMENTO_ID") ENABLE;
--------------------------------------------------------
--  Ref Constraints for Table PAGOGASTOS
--------------------------------------------------------

  ALTER TABLE "NICOLAS"."PAGOGASTOS" ADD CONSTRAINT "FK_PAGOGASTOS" FOREIGN KEY ("GASTOS_ID")
	  REFERENCES "NICOLAS"."GASTOSCOMUNES" ("GASTOS_ID") ENABLE;
--------------------------------------------------------
--  Ref Constraints for Table MULTAS
--------------------------------------------------------

  ALTER TABLE "NICOLAS"."MULTAS" ADD CONSTRAINT "FK_MULTAS_DEPARTAMENTO" FOREIGN KEY ("DEPARTAMENTO_ID")
	  REFERENCES "NICOLAS"."DEPARTAMENTO" ("DEPARTAMENTO_ID") ENABLE;
--------------------------------------------------------
--  Ref Constraints for Table RESERVASALAEVENTOS
--------------------------------------------------------

  ALTER TABLE "NICOLAS"."RESERVASALAEVENTOS" ADD CONSTRAINT "FK_RESERVA_S_DEPARTAMENTO" FOREIGN KEY ("DEPARTAMENTO_ID")
	  REFERENCES "NICOLAS"."DEPARTAMENTO" ("DEPARTAMENTO_ID") ENABLE;
--------------------------------------------------------
--  Ref Constraints for Table QUEJA
--------------------------------------------------------

  ALTER TABLE "NICOLAS"."QUEJA" ADD CONSTRAINT "FK_QUEJA_DEPARTAMENTO" FOREIGN KEY ("DEPARTAMENTO_ID")
	  REFERENCES "NICOLAS"."DEPARTAMENTO" ("DEPARTAMENTO_ID") ENABLE;
--------------------------------------------------------
--  Ref Constraints for Table ADMINISTRADOR
--------------------------------------------------------

  ALTER TABLE "NICOLAS"."ADMINISTRADOR" ADD CONSTRAINT "FK_ADMINISTRADOR_CONDOMINIO" FOREIGN KEY ("CONDOMINIO_ID")
	  REFERENCES "NICOLAS"."CONDOMINIO" ("CONDOMINIO_ID") ENABLE;
--------------------------------------------------------
--  Ref Constraints for Table RESERVAMULTICANCHA
--------------------------------------------------------

  ALTER TABLE "NICOLAS"."RESERVAMULTICANCHA" ADD CONSTRAINT "FK_RESERVA_M_DEPARTAMENTO" FOREIGN KEY ("DEPARTAMENTO_ID")
	  REFERENCES "NICOLAS"."DEPARTAMENTO" ("DEPARTAMENTO_ID") ENABLE;
--------------------------------------------------------
--  Ref Constraints for Table DEPARTAMENTO
--------------------------------------------------------

  ALTER TABLE "NICOLAS"."DEPARTAMENTO" ADD CONSTRAINT "FK_DEPARTAMENTO_CONDOMINIO" FOREIGN KEY ("CONDOMINIO_ID")
	  REFERENCES "NICOLAS"."CONDOMINIO" ("CONDOMINIO_ID") ENABLE;
--------------------------------------------------------
--  Ref Constraints for Table RESERVAESTACIONAMIENTO
--------------------------------------------------------

  ALTER TABLE "NICOLAS"."RESERVAESTACIONAMIENTO" ADD CONSTRAINT "FK_RESERVA_E_DEPARTAMENTO" FOREIGN KEY ("DEPARTAMENTO_ID")
	  REFERENCES "NICOLAS"."DEPARTAMENTO" ("DEPARTAMENTO_ID") ENABLE;
--------------------------------------------------------
--  Ref Constraints for Table RESERVAQUINCHO
--------------------------------------------------------

  ALTER TABLE "NICOLAS"."RESERVAQUINCHO" ADD CONSTRAINT "FK_RESERVA_Q_DEPARTAMENTO" FOREIGN KEY ("DEPARTAMENTO_ID")
	  REFERENCES "NICOLAS"."DEPARTAMENTO" ("DEPARTAMENTO_ID") ENABLE;
--------------------------------------------------------
--  Ref Constraints for Table VISITA
--------------------------------------------------------

  ALTER TABLE "NICOLAS"."VISITA" ADD CONSTRAINT "FK_VISITA_DEPARTAMENTO" FOREIGN KEY ("DEPARTAMENTO_ID")
	  REFERENCES "NICOLAS"."DEPARTAMENTO" ("DEPARTAMENTO_ID") ENABLE;
